"ip","tags","lastseen"
"211.21.243.151","Honeynet","2021-06-05 18:00:02.522970+00:00"
"45.87.2.131","PerchLabs sandbox, exe, OskiStealer","2021-05-12 07:23:06.735554+00:00"
"46.243.239.158","PerchLabs sandbox, RemcosRAT","2021-05-12 09:13:29.484859+00:00"
"185.209.1.153","PerchLabs sandbox, exe, RedLineStealer","2021-05-12 09:22:31.626038+00:00"
"193.164.6.199","PerchLabs sandbox, exe, RedLineStealer","2021-05-12 09:23:35.429217+00:00"
"79.134.225.17","PerchLabs sandbox, exe, NanoCore, RAT","2021-05-12 09:31:37.688397+00:00"
"213.32.10.129","PerchLabs sandbox, exe, RedLineStealer","2021-05-12 09:37:49.022635+00:00"
"74.208.94.86","PerchLabs sandbox, exe, RedLineStealer","2021-05-12 09:39:56.531836+00:00"
"176.111.174.136","PerchLabs sandbox, exe, RedLineStealer","2021-05-12 08:38:49.939330+00:00"
"185.19.85.142","PerchLabs sandbox, RemcosRAT","2021-05-12 08:42:47.477600+00:00"
"185.26.122.57","PerchLabs sandbox, AZORult, exe","2021-05-12 08:46:58.211161+00:00"
"203.159.80.209","PerchLabs sandbox, exe, Loki","2021-05-12 08:49:54.026925+00:00"
"185.224.138.94","Perch sandbox run of gandcrab","2021-06-05 16:00:02.794289+00:00"
"122.227.189.42","Honeynet","2021-06-05 16:00:02.794289+00:00"
"177.137.96.14","Honeynet","2021-06-05 16:00:02.794289+00:00"
"118.123.244.163","Honeynet","2021-06-05 16:00:02.794289+00:00"
"95.161.197.174","PurpleFox","2021-06-05 18:00:02.522970+00:00"
"41.94.22.6","Honeynet","2021-06-05 16:00:02.794289+00:00"
"115.230.127.107","PurpleFox","2021-06-05 18:00:02.522970+00:00"
"88.204.158.206","Honeynet","2021-06-05 18:00:02.522970+00:00"
"60.190.202.44","Honeynet","2021-06-05 18:00:02.522970+00:00"
"113.56.35.62","Honeynet","2021-06-05 16:00:02.794289+00:00"
"183.131.206.114","Honeynet","2021-06-05 16:00:02.794289+00:00"
"36.27.209.188","Honeynet","2021-06-05 18:00:02.522970+00:00"
"59.63.163.216","Honeynet","2021-06-05 16:00:02.794289+00:00"
"178.79.179.200","Perch sandbox run of cobaltstrike","2021-06-05 16:00:02.794289+00:00"
"104.103.58.32","Perch sandbox run of gandcrab","2021-06-05 16:00:02.794289+00:00"
"218.107.195.117","Honeynet","2021-06-05 18:00:02.522970+00:00"
"194.5.98.14","PerchLabs sandbox, NanoCore, RAT, Yahoo, zip","2021-06-05 16:00:02.794289+00:00"
"23.225.39.130","Honeynet","2021-06-05 16:00:02.794289+00:00"
"162.255.119.200","PerchLabs sandbox, CryptBot, exe","2021-06-01 07:15:09.876082+00:00"
"188.165.212.152","PerchLabs sandbox, exe, Phorpiex","2021-05-15 09:24:28.137829+00:00"
"176.123.8.232","PerchLabs sandbox, exe, Phorpiex","2021-05-15 09:24:28.137829+00:00"
"51.79.251.150","PerchLabs sandbox, exe, Phorpiex","2021-05-15 09:24:28.137829+00:00"
"76.113.159.49","PerchLabs sandbox, exe, Phorpiex","2021-05-15 09:24:28.137829+00:00"
"45.14.233.149","PerchLabs sandbox, exe, Phorpiex","2021-05-15 09:24:28.137829+00:00"
"185.21.217.32","PerchLabs sandbox, exe, Phorpiex","2021-05-15 09:24:28.137829+00:00"
"79.133.98.32","PerchLabs sandbox, exe, RedLineStealer","2021-05-15 09:24:53.581659+00:00"
"185.244.183.151","PerchLabs sandbox, CoinMiner, exe","2021-05-15 04:18:44.306720+00:00"
"162.255.119.164","PerchLabs sandbox, ArkeiStealer, exe","2021-05-15 09:43:03.060583+00:00"
"45.133.1.223","PerchLabs sandbox, exe, OskiStealer","2021-05-15 08:38:56.032700+00:00"
"82.118.22.75","PerchLabs sandbox, exe, RedLineStealer","2021-05-15 08:47:06.061499+00:00"
"147.189.168.238","PerchLabs sandbox, AsyncRAT, exe","2021-05-14 22:27:30.634023+00:00"
"45.180.172.235","PerchLabs sandbox, exe, OskiStealer","2021-06-01 07:20:24.622851+00:00"
"109.248.175.72","PerchLabs sandbox, exe, RedLineStealer","2021-05-15 09:22:33.812191+00:00"
"192.0.32.59","PerchLabs sandbox, exe, RedLineStealer","2021-06-05 16:00:02.794289+00:00"
"51.195.53.221","","2021-06-05 16:00:02.794289+00:00"
"45.33.46.101","PerchLabs sandbox, exe, Phorpiex","2021-05-15 09:24:28.137829+00:00"
"51.158.152.93","PerchLabs sandbox, exe, Phorpiex","2021-05-15 09:24:28.137829+00:00"
"81.169.180.28","PerchLabs sandbox, exe, Phorpiex","2021-05-15 09:24:28.137829+00:00"
"198.98.51.151","PerchLabs sandbox, exe, Phorpiex","2021-05-15 09:24:28.137829+00:00"
"92.38.163.186","PerchLabs sandbox, exe, Phorpiex","2021-05-15 09:24:28.137829+00:00"
"51.81.34.149","PerchLabs sandbox, exe, Phorpiex","2021-05-15 09:24:28.137829+00:00"
"85.214.18.225","PerchLabs sandbox, exe, Phorpiex","2021-05-15 09:24:28.137829+00:00"
"5.154.174.241","PerchLabs sandbox, exe, Phorpiex","2021-05-15 09:24:28.137829+00:00"
"31.184.218.180","PerchLabs sandbox, exe, Phorpiex","2021-05-15 09:24:28.137829+00:00"
"173.75.39.61","PerchLabs sandbox, exe, Phorpiex","2021-05-15 09:24:28.137829+00:00"
"195.154.252.151","PerchLabs sandbox, exe, Phorpiex","2021-05-15 09:24:28.137829+00:00"
"193.142.146.202","PerchLabs sandbox, AsyncRAT, exe, RAT","2021-05-15 04:15:50.067882+00:00"
"45.138.157.149","PerchLabs sandbox, exe, RedLineStealer","2021-05-15 04:24:39.601243+00:00"
"45.145.22.128","PerchLabs sandbox, AsyncRAT, exe, RAT","2021-05-14 18:12:32.138232+00:00"
"181.235.4.212","PerchLabs sandbox, e, RemcosRAT","2021-05-14 18:23:30.191504+00:00"
"79.134.225.89","PerchLabs sandbox, exe, NanoCore, RAT","2021-05-15 07:45:54.047213+00:00"
"102.22.83.110","PerchLabs sandbox, exe, njRat","2021-05-15 04:05:46.754239+00:00"
"142.44.243.6","PerchLabs sandbox, CoinMiner","2021-05-15 04:08:31.292117+00:00"
"172.31.16.112","Perch sandbox run of gandcrab","2021-06-05 16:00:02.794289+00:00"
"103.231.30.86","Honeynet","2021-06-05 16:00:02.794289+00:00"
"110.14.163.111","Honeynet","2021-06-05 18:00:02.522970+00:00"
"103.221.223.15","Perch sandbox run of loki","2021-06-05 16:00:02.794289+00:00"
"185.117.119.192","PerchLabs sandbox, exe, redline, RedLineStealer, stealer, trojan","2021-05-28 07:17:43.295648+00:00"
"194.5.249.143","PerchLabs sandbox","2021-06-05 16:00:02.794289+00:00"
"198.98.51.189","Honeynet","2021-05-25 00:00:03.108211+00:00"
"112.4.119.50","Honeynet","2021-06-05 18:00:02.522970+00:00"
"36.66.191.118","Honeynet","2021-06-05 16:00:02.794289+00:00"
"145.14.144.155","PerchLabs sandbox, exe, Formbook","2021-05-28 07:19:30.154641+00:00"
"137.74.73.193","PerchLabs sandbox, exe, RedLineStealer","2021-05-17 07:22:24.753810+00:00"
"104.102.196.140","Perch sandbox run of agenttesla","2021-06-05 16:00:02.794289+00:00"
"45.154.4.178","PerchLabs sandbox, exe, NanoCore, RAT","2021-05-07 08:07:03.268802+00:00"
"45.144.225.163","PerchLabs sandbox, exe, RedLineStealer","2021-05-16 07:20:26.316293+00:00"
"185.169.55.74","PerchLabs sandbox, Cybergate, exe","2021-05-16 07:43:36.458685+00:00"
"51.178.146.147","PerchLabs sandbox, exe, RedLineStealer","2021-05-16 07:50:23.410528+00:00"
"51.222.96.164","PerchLabs sandbox, exe, RAT, RemcosRAT","2021-05-16 07:50:46.968153+00:00"
"45.67.230.114","PerchLabs sandbox, exe, RedLineStealer","2021-05-16 07:57:46.391332+00:00"
"185.55.225.19","PerchLabs sandbox, AgentTesla, exe","2021-05-07 08:21:31.797045+00:00"
"31.210.21.194","PerchLabs sandbox, AZORult, exe","2021-05-07 08:23:14.266028+00:00"
"173.208.204.37","PerchLabs sandbox, exe, Loki","2021-05-07 08:33:26.814714+00:00"
"209.141.49.199","PerchLabs sandbox, exe, OskiStealer","2021-05-07 09:51:15.436934+00:00"
"213.238.183.33","PerchLabs sandbox, exe, Loki","2021-05-07 07:38:47.603545+00:00"
"203.159.80.65","PerchLabs sandbox, exe, OskiStealer","2021-05-07 08:55:37.954898+00:00"
"91.109.190.6","PerchLabs sandbox, AsyncRAT, exe, RAT","2021-05-07 10:17:46.619056+00:00"
"149.56.45.200","PerchLabs sandbox, exe, phorpiex","2021-05-07 07:56:13.880292+00:00"
"212.227.165.251","PerchLabs sandbox, exe, phorpiex","2021-05-07 07:56:13.880292+00:00"
"51.159.67.106","PerchLabs sandbox, exe, phorpiex","2021-05-07 07:56:13.880292+00:00"
"164.132.226.30","PerchLabs sandbox, exe, phorpiex","2021-05-07 07:56:13.880292+00:00"
"185.21.217.60","PerchLabs sandbox, exe, phorpiex","2021-05-07 07:56:13.880292+00:00"
"185.215.113.93","PerchLabs sandbox, exe, phorpiex","2021-05-07 07:56:13.880292+00:00"
"83.212.102.114","PerchLabs sandbox, exe, phorpiex","2021-05-07 07:56:13.880292+00:00"
"142.4.213.105","PerchLabs sandbox, exe, phorpiex","2021-05-07 07:56:13.880292+00:00"
"45.150.64.55","PerchLabs sandbox, exe, phorpiex","2021-05-07 07:56:13.880292+00:00"
"37.218.242.217","PerchLabs sandbox, exe, phorpiex","2021-05-07 07:56:13.880292+00:00"
"86.59.21.38","PerchLabs sandbox, exe, phorpiex","2021-05-07 07:56:13.880292+00:00"
"131.0.112.122","PerchLabs sandbox, Trickbot","2021-05-07 08:06:24.895568+00:00"
"95.214.235.128","PerchLabs sandbox, elf, Mirai","2021-05-30 07:06:13.733263+00:00"
"45.144.225.173","PerchLabs sandbox, exe, OskiStealer","2021-05-07 10:36:38.545085+00:00"
"185.233.81.8","PerchLabs sandbox, exe, RedLineStealer","2021-05-16 07:46:15.841628+00:00"
"45.94.156.7","PerchLabs sandbox, AZORult, exe","2021-05-16 07:55:14.535434+00:00"
"152.89.160.131","PerchLabs sandbox, BitRAT, exe, RAT","2021-05-07 09:33:33.672720+00:00"
"185.92.195.227","PerchLabs sandbox, AgentTesla, exe","2021-05-07 08:22:10.160248+00:00"
"45.148.16.46","PerchLabs sandbox, exe, StormKitty","2021-05-07 08:29:35.073467+00:00"
"31.210.21.205","PerchLabs sandbox, exe, RAT, RemcosRAT","2021-05-07 08:34:44.778236+00:00"
"45.155.205.172","PerchLabs sandbox, Amadey, exe","2021-05-07 08:40:55.232562+00:00"
"31.210.20.121","PerchLabs sandbox, AZORult","2021-05-07 10:03:55.590165+00:00"
"45.154.4.187","PerchLabs sandbox, exe, NanoCore, RAT","2021-05-07 07:41:19.270995+00:00"
"209.141.50.70","PerchLabs sandbox, exe, Loki, signed","2021-05-07 09:04:23.353047+00:00"
"199.249.230.144","PerchLabs sandbox, exe, phorpiex","2021-05-07 07:56:13.880292+00:00"
"185.225.17.3","PerchLabs sandbox, exe, phorpiex","2021-05-07 07:56:13.880292+00:00"
"193.11.164.243","PerchLabs sandbox, exe, phorpiex","2021-05-07 07:56:13.880292+00:00"
"5.196.71.24","PerchLabs sandbox, exe, phorpiex","2021-05-07 07:56:13.880292+00:00"
"188.240.208.106","PerchLabs sandbox, exe, phorpiex","2021-05-07 07:56:13.880292+00:00"
"176.10.99.207","PerchLabs sandbox, exe, phorpiex","2021-05-07 07:56:13.880292+00:00"
"199.58.81.140","PerchLabs sandbox, exe, phorpiex","2021-05-07 07:56:13.880292+00:00"
"94.23.247.42","PerchLabs sandbox, exe, phorpiex","2021-05-07 07:56:13.880292+00:00"
"185.233.107.110","PerchLabs sandbox, exe, phorpiex","2021-05-07 07:56:13.880292+00:00"
"154.35.175.225","PerchLabs sandbox, exe, phorpiex","2021-05-07 07:56:13.880292+00:00"
"94.16.114.105","PerchLabs sandbox, exe, phorpiex","2021-05-07 07:56:13.880292+00:00"
"23.129.64.246","PerchLabs sandbox, exe, phorpiex","2021-05-07 07:56:13.880292+00:00"
"199.115.114.70","PerchLabs sandbox, exe, phorpiex","2021-05-07 07:56:13.880292+00:00"
"87.118.116.90","PerchLabs sandbox, exe, phorpiex","2021-05-07 07:56:13.880292+00:00"
"5.2.68.70","Perch sandbox run of gandcrab","2021-06-05 16:00:02.794289+00:00"
"66.154.113.12","PerchLabs sandbox, AsyncRAT, exe, RAT","2021-05-17 07:32:31.967145+00:00"
"195.149.114.22","PerchLabs sandbox, exe, RedLineStealer","2021-05-17 07:40:29.791014+00:00"
"185.70.186.149","PerchLabs sandbox, exe, FickerStealer","2021-05-17 07:42:34.590957+00:00"
"185.125.18.43","PerchLabs sandbox, exe, RedLineStealer","2021-05-17 07:42:47.214590+00:00"
"77.232.41.231","PerchLabs sandbox, exe, RedLineStealer","2021-05-08 07:38:05.887440+00:00"
"103.155.92.153","PerchLabs sandbox, AZORult, exe","2021-05-08 07:43:22.765695+00:00"
"45.67.228.27","PerchLabs sandbox, exe, RedLineStealer","2021-05-24 15:20:34.069861+00:00"
"185.19.85.169","PerchLabs sandbox, BitRAT, exe, RAT","2021-05-24 15:29:01.617415+00:00"
"188.130.138.42","PerchLabs sandbox, exe, RedLineStealer","2021-05-24 15:28:23.264584+00:00"
"198.13.62.186","PerchLabs sandbox, ArkeiStealer, exe","2021-05-24 16:53:59.309161+00:00"
"185.239.243.112","PerchLabs sandbox, DiamondFox, exe","2021-05-24 16:58:38.226562+00:00"
"219.153.12.4","PerchLabs sandbox, CoinMiner","2021-05-08 08:03:07.878714+00:00"
"111.90.146.149","PerchLabs sandbox, exe, RedLineStealer","2021-05-24 16:08:05.982198+00:00"
"194.5.97.15","Perch sandbox run of avemariarat","2021-06-05 16:00:02.794289+00:00"
"194.5.97.75","PerchLabs sandbox, exe, NanoCore, RAT","2021-05-08 07:49:15.864430+00:00"
"185.191.231.252","PerchLabs sandbox, exe, njrat, RAT","2021-05-08 08:27:24.499389+00:00"
"31.210.21.236","PerchLabs sandbox, exe, Loki","2021-05-08 08:12:52.419552+00:00"
"95.181.157.170","PerchLabs sandbox, CobaltStrike","2021-05-08 08:44:05.517615+00:00"
"185.114.247.102","PerchLabs sandbox, RedLineStealer","2021-05-08 08:30:03.802584+00:00"
"94.140.115.158","PerchLabs sandbox, RedLineStealer","2021-05-08 08:30:03.802584+00:00"
"217.107.34.191","PerchLabs sandbox, RedLineStealer","2021-05-08 08:30:03.802584+00:00"
"211.108.74.246","PerchLabs sandbox, CoinMiner, CoinMiner.XMRig","2021-05-08 09:04:34.653610+00:00"
"199.195.251.96","PerchLabs sandbox, ArkeiStealer, exe","2021-05-08 08:54:57.902718+00:00"
"103.246.218.179","PerchLabs sandbox, CoinMiner, CoinMiner.XMRig","2021-05-08 09:04:49.010150+00:00"
"205.185.119.206","PerchLabs sandbox, CoinMiner","2021-05-08 09:12:13.718765+00:00"
"144.217.14.109","PerchLabs sandbox, CoinMiner","2021-05-08 09:12:00.938711+00:00"
"60.174.95.143","Honeynet","2021-06-05 18:00:02.522970+00:00"
"45.9.148.37","PerchLabs sandbox, CoinMiner","2021-05-08 09:12:26.557108+00:00"
"62.75.168.106","PerchLabs sandbox","2021-05-25 10:00:01.953705+00:00"
"193.188.22.233","PerchLabs sandbox, ArkeiStealer, exe","2021-05-24 16:29:55.567230+00:00"
"81.177.165.241","Perch sandbox run of redlinestealer","2021-06-05 16:00:02.794289+00:00"
"162.0.220.187","PerchLabs sandbox, Adware.FileTour, exe","2021-05-24 16:40:03.784044+00:00"
"23.160.193.106","PerchLabs sandbox","2021-06-05 16:00:02.794289+00:00"
"82.165.152.127","PerchLabs sandbox","2021-06-05 16:00:02.794289+00:00"
"92.53.96.150","PerchLabs sandbox, ArkeiStealer, exe","2021-05-24 16:29:55.567230+00:00"
"185.247.61.225","PerchLabs sandbox, exe, OskiStealer","2021-05-24 16:30:08.289659+00:00"
"51.195.53.27","Perch sandbox run of smoke loader","2021-06-05 16:00:02.794289+00:00"
"58.56.33.27","Honeynet","2021-06-05 18:00:02.522970+00:00"
"183.62.132.46","Honeynet","2021-06-05 16:00:02.794289+00:00"
"183.134.101.94","Honeynet","2021-06-05 18:00:02.522970+00:00"
"162.212.152.3","PerchLabs sandbox, AveMariaRAT, exe","2021-06-05 16:00:02.794289+00:00"
"169.56.29.200","PerchLabs sandbox, zip","2021-06-02 07:17:51.687039+00:00"
"41.32.49.182","Honeynet","2021-06-05 18:00:02.522970+00:00"
"60.250.110.35","Honeynet","2021-06-05 18:00:02.522970+00:00"
"218.95.37.217","Honeynet","2021-06-05 18:00:02.522970+00:00"
"112.6.40.5","Honeynet","2021-06-05 18:00:02.522970+00:00"
"79.134.225.95","Perch sandbox run of avemariarat","2021-06-05 16:00:02.794289+00:00"
"159.138.131.65","PerchLabs sandbox, zip","2021-06-02 07:17:51.687039+00:00"
"50.87.170.32","PerchLabs sandbox, zip","2021-06-02 07:17:51.687039+00:00"
"118.27.99.89","PerchLabs sandbox, zip","2021-06-02 07:17:51.687039+00:00"
"185.140.53.129","PerchLabs sandbox, exe, NetWire","2021-06-02 07:46:45.401047+00:00"
"222.85.25.4","Honeynet","2021-06-05 18:00:02.522970+00:00"
"60.247.81.120","Honeynet","2021-06-05 18:00:02.522970+00:00"
"31.210.21.158","PerchLabs sandbox, exe, RedLineStealer","2021-05-11 08:37:00.018143+00:00"
"103.150.54.182","Honeynet","2021-06-05 18:00:02.522970+00:00"
"185.82.219.104","PerchLabs sandbox, AUTO RESPONSE LTD CYF, RedLineStealer, signed","2021-05-11 08:36:47.362445+00:00"
"199.192.23.253","PerchLabs sandbox, exe, Formbook, signed","2021-05-11 08:44:03.809634+00:00"
"104.194.9.218","PerchLabs sandbox, exe, Formbook, signed","2021-05-11 08:44:03.809634+00:00"
"192.254.231.206","PerchLabs sandbox, exe, Formbook, signed","2021-05-11 08:44:03.809634+00:00"
"156.235.110.27","PerchLabs sandbox, exe, Formbook, signed","2021-05-11 08:44:03.809634+00:00"
"198.148.115.219","PerchLabs sandbox, exe, Formbook","2021-05-11 08:44:54.642001+00:00"
"162.0.219.212","PerchLabs sandbox, exe, Formbook","2021-05-11 08:44:54.642001+00:00"
"5.196.207.219","PerchLabs sandbox, exe, Formbook","2021-05-11 08:44:54.642001+00:00"
"185.118.164.167","Perch sandbox run of gandcrab","2021-06-05 16:00:02.794289+00:00"
"118.178.224.248","PerchLabs sandbox, exe, Formbook","2021-05-11 08:44:54.642001+00:00"
"8.210.40.49","PerchLabs sandbox, exe, Formbook","2021-05-11 08:44:54.642001+00:00"
"77.123.139.190","PerchLabs sandbox, Stop","2021-05-09 07:21:24.235438+00:00"
"87.251.71.75","PerchLabs sandbox, RedLineStealer","2021-06-05 16:00:02.794289+00:00"
"45.144.29.2","PerchLabs sandbox, exe, RedLineStealer","2021-05-11 10:09:17.917298+00:00"
"172.111.156.33","PerchLabs sandbox, exe, RAT, RemcosRAT","2021-05-11 09:07:33.439234+00:00"
"36.89.191.119","PerchLabs sandbox","2021-06-05 16:00:02.794289+00:00"
"67.220.184.146","PerchLabs sandbox, AgentTesla","2021-05-18 07:39:08.026390+00:00"
"188.68.202.228","PerchLabs sandbox, exe, RedLineStealer","2021-05-24 17:09:04.677672+00:00"
"176.57.68.60","PerchLabs sandbox, AZORult, exe","2021-05-24 17:09:30.254392+00:00"
"45.15.143.148","PerchLabs sandbox, exe, NetWire, RAT","2021-06-05 16:00:02.794289+00:00"
"66.29.134.137","PerchLabs sandbox, exe, Loki","2021-05-18 07:49:16.448041+00:00"
"202.75.41.117","Perch sandbox run of zloader","2021-06-05 16:00:02.794289+00:00"
"104.21.13.161","Perch sandbox run of gandcrab","2021-06-05 16:00:02.794289+00:00"
"193.239.147.103","Perch sandbox run of agenttesla","2021-06-05 16:00:02.794289+00:00"
"91.212.153.84","PerchLabs sandbox, Endurance, exe, NanoCore, RAT","2021-06-05 16:00:02.794289+00:00"
"213.152.161.40","PerchLabs sandbox, AsyncRAT, exe, RAT","2021-06-05 16:00:02.794289+00:00"
"162.218.211.157","PerchLabs sandbox, RemcosRAT","2021-06-05 16:00:02.794289+00:00"
"23.105.131.166","PerchLabs sandbox, NetWire","2021-05-25 13:35:46.900827+00:00"
"69.42.215.252","PerchLabs sandbox, RemcosRAT","2021-05-25 13:54:39.584017+00:00"
"8.209.99.88","PerchLabs sandbox, Loki","2021-05-25 13:21:41.401074+00:00"
"185.255.113.21","Perch sandbox run of gandcrab","2021-06-05 16:00:02.794289+00:00"
"89.191.233.253","PerchLabs sandbox, exe, Loki","2021-05-25 13:18:05.664647+00:00"
"91.151.93.191","PerchLabs sandbox, elf, gafgyt","2021-05-11 10:49:46.551308+00:00"
"217.182.77.10","PerchLabs sandbox, exe, njrat, RAT","2021-05-10 07:17:09.625772+00:00"
"104.168.175.179","PerchLabs sandbox, exe, Loki","2021-05-10 08:16:25.466081+00:00"
"121.28.133.122","Honeynet","2021-06-05 18:00:02.522970+00:00"
"209.58.169.75","PerchLabs sandbox, exe, Loki","2021-05-20 07:27:23.891331+00:00"
"172.67.153.81","Perch sandbox run of gandcrab","2021-06-05 16:00:02.794289+00:00"
"195.123.234.243","PerchLabs sandbox, exe, Loki","2021-05-11 07:35:28.615224+00:00"
"45.140.146.214","PerchLabs sandbox, RedLineStealer","2021-05-21 08:30:10.893733+00:00"
"79.134.225.47","PerchLabs sandbox, exe, NanoCore, RAT","2021-05-11 08:06:02.133813+00:00"
"193.56.8.56","PerchLabs sandbox, exe, RedLineStealer","2021-05-11 09:25:00.696610+00:00"
"195.133.40.93","PerchLabs sandbox, exe, OskiStealer","2021-05-21 08:32:56.816918+00:00"
"45.15.143.191","PerchLabs sandbox, AsyncRAT, exe, RAT","2021-05-21 07:38:40.945587+00:00"
"192.185.129.69","PerchLabs sandbox, Loki","2021-05-21 09:27:19.696729+00:00"
"185.244.26.244","PerchLabs sandbox, RemcosRAT","2021-05-11 08:07:44.662060+00:00"
"45.144.225.167","PerchLabs sandbox, RemcosRAT","2021-05-11 08:17:01.094058+00:00"
"185.26.121.195","PerchLabs sandbox, exe, RedLineStealer","2021-05-11 09:37:32.773347+00:00"
"45.67.228.120","PerchLabs sandbox, exe, RedLineStealer","2021-05-11 09:37:45.530909+00:00"
"194.5.249.80","PerchLabs sandbox, BazaLoader, exe","2021-05-21 09:01:57.615295+00:00"
"45.141.152.194","PerchLabs sandbox, AgentTesla, exe","2021-05-21 09:08:37.632829+00:00"
"45.142.212.182","PerchLabs sandbox, exe, RaccoonStealer","2021-05-21 09:08:50.407005+00:00"
"185.140.53.137","PerchLabs sandbox, exe, NanoCore, RAT","2021-05-11 09:49:00.584759+00:00"
"199.188.201.83","PerchLabs sandbox, Adware.FileTour, exe","2021-05-21 07:32:40.034092+00:00"
"109.248.175.187","PerchLabs sandbox, Adware.FileTour, exe","2021-05-21 07:32:40.034092+00:00"
"5.196.141.82","PerchLabs sandbox, exe, Formbook","2021-05-27 07:38:06.506862+00:00"
"45.137.22.101","PerchLabs sandbox, exe, RemcosRAT","2021-05-27 07:43:25.762016+00:00"
"185.86.106.202","PerchLabs sandbox, exe, RAT, RemcosRAT","2021-06-05 16:00:02.794289+00:00"
"45.137.22.50","PerchLabs sandbox, exe, NanoCore, RAT","2021-05-20 07:33:20.127962+00:00"
"212.237.61.115","PerchLabs sandbox, exe, raccoon, RaccoonStealer, stealer, trojan","2021-05-27 07:19:47.989350+00:00"
"23.175.1.77","PerchLabs sandbox, exe, raccoon, RaccoonStealer, stealer, trojan","2021-05-27 07:19:47.989350+00:00"
"185.140.53.40","PerchLabs sandbox, exe, NanoCore, RAT","2021-05-27 07:30:19.732780+00:00"
"67.220.184.98","PerchLabs sandbox, AgentTesla, exe","2021-05-27 07:40:14.286167+00:00"
"104.108.125.83","Perch sandbox run of agenttesla","2021-06-05 16:00:02.794289+00:00"
